{
  "markdown:add-metadata-property": [
    {
      "modifiers": [
        "Alt"
      ],
      "key": "P"
    }
  ],
  "obsidian-book-search-plugin:open-book-search-modal": [
    {
      "modifiers": [
        "Ctrl"
      ],
      "key": "B"
    }
  ],
  "editor:clear-formatting": [
    {
      "modifiers": [
        "Alt",
        "Ctrl"
      ],
      "key": "T"
    }
  ],
  "editor:copy": [
    {
      "modifiers": [
        "Mod"
      ],
      "key": "C"
    }
  ],
  "file-explorer:new-file-in-current-tab": [
    {
      "modifiers": [
        "Mod"
      ],
      "key": "N"
    }
  ],
  "file-explorer:new-file": [],
  "file-explorer:new-file-in-new-pane": [],
  "editor:cut": [
    {
      "modifiers": [
        "Mod"
      ],
      "key": "X"
    }
  ],
  "editor:cycle-list-checklist": [
    {
      "modifiers": [
        "Alt",
        "Mod"
      ],
      "key": "4"
    }
  ],
  "markdown:edit-metadata-property": [
    {
      "modifiers": [
        "Ctrl"
      ],
      "key": "E"
    }
  ],
  "workspace:goto-tab-1": [],
  "editor:set-heading-1": [
    {
      "modifiers": [
        "Mod"
      ],
      "key": "1"
    }
  ],
  "editor:set-heading-2": [
    {
      "modifiers": [
        "Mod"
      ],
      "key": "2"
    }
  ],
  "editor:set-heading-3": [
    {
      "modifiers": [
        "Mod"
      ],
      "key": "3"
    }
  ],
  "editor:set-heading-4": [
    {
      "modifiers": [
        "Mod"
      ],
      "key": "4"
    }
  ],
  "editor:set-heading-5": [
    {
      "modifiers": [
        "Mod"
      ],
      "key": "5"
    }
  ],
  "editor:set-heading-6": [
    {
      "modifiers": [
        "Mod"
      ],
      "key": "6"
    }
  ],
  "editing-toolbar:header0-text": [],
  "editing-toolbar:editor:toggle-code": [
    {
      "modifiers": [
        "Mod"
      ],
      "key": "E"
    }
  ],
  "editing-toolbar:editor:toggle-bullet-list": [
    {
      "modifiers": [
        "Alt",
        "Mod"
      ],
      "key": "5"
    }
  ],
  "editing-toolbar:editor:toggle-numbered-list": [
    {
      "modifiers": [
        "Alt",
        "Mod"
      ],
      "key": "6"
    }
  ],
  "editing-toolbar:underline": [
    {
      "modifiers": [
        "Mod"
      ],
      "key": "U"
    }
  ],
  "obsidian-excalidraw-plugin:insert-link-to-element": [],
  "file-explorer:new-folder": [
    {
      "modifiers": [
        "Alt",
        "Ctrl"
      ],
      "key": "F"
    }
  ],
  "editor:fold-less": [
    {
      "modifiers": [
        "Alt"
      ],
      "key": "ArrowDown"
    }
  ],
  "editor:fold-more": [
    {
      "modifiers": [
        "Alt"
      ],
      "key": "ArrowUp"
    }
  ],
  "editor:go-start": [
    {
      "modifiers": [
        "Ctrl"
      ],
      "key": "ArrowUp"
    }
  ],
  "editor:go-end": [
    {
      "modifiers": [
        "Ctrl"
      ],
      "key": "ArrowDown"
    }
  ],
  "workspace:next-tab": [
    {
      "modifiers": [
        "Ctrl"
      ],
      "key": "."
    }
  ],
  "workspace:previous-tab": [
    {
      "modifiers": [
        "Ctrl"
      ],
      "key": ","
    }
  ],
  "workspace:goto-tab-2": [],
  "workspace:goto-tab-3": [],
  "workspace:goto-tab-4": [],
  "workspace:goto-tab-5": [],
  "workspace:goto-tab-6": [],
  "workspace:goto-tab-7": [],
  "workspace:goto-tab-8": [],
  "highlightr-plugin:Yellow": [
    {
      "modifiers": [
        "Mod",
        "Shift"
      ],
      "key": "H"
    }
  ],
  "obsidian-linter:lint-file": [
    {
      "modifiers": [
        "Alt"
      ],
      "key": "L"
    }
  ],
  "obsidian-linter:paste-as-plain-text": [
    {
      "modifiers": [
        "Alt",
        "Shift"
      ],
      "key": "P"
    }
  ],
  "metadata-menu:insert__BIPJcw": [
    {
      "modifiers": [
        "Ctrl"
      ],
      "key": "I"
    }
  ],
  "editor:swap-line-down": [
    {
      "modifiers": [
        "Alt",
        "Ctrl"
      ],
      "key": "ArrowDown"
    }
  ],
  "editor:swap-line-up": [
    {
      "modifiers": [
        "Alt",
        "Ctrl"
      ],
      "key": "ArrowUp"
    }
  ],
  "app:go-back": [
    {
      "modifiers": [
        "Mod"
      ],
      "key": "["
    }
  ],
  "app:go-forward": [
    {
      "modifiers": [
        "Mod"
      ],
      "key": "]"
    }
  ],
  "note-refactor-obsidian:app:extract-selection-content-only": [],
  "app:open-vault": [
    {
      "modifiers": [
        "Ctrl",
        "Mod"
      ],
      "key": "V"
    }
  ],
  "editor:open-link-in-new-split": [
    {
      "modifiers": [
        "Mod",
        "Shift"
      ],
      "key": "O"
    }
  ],
  "editor:open-link-in-new-leaf": [],
  "obsidian-map-view:insert-geolink": [
    {
      "modifiers": [
        "Mod"
      ],
      "key": "G"
    }
  ],
  "graph:open": [],
  "obsidian-better-command-palette:open-better-commmand-palette": [
    {
      "modifiers": [
        "Alt"
      ],
      "key": ","
    }
  ],
  "markdown:toggle-preview": [
    {
      "modifiers": [
        "Mod"
      ],
      "key": "R"
    }
  ],
  "editor:toggle-checklist-status": [],
  "editor:fold-all": [
    {
      "modifiers": [
        "Alt",
        "Mod"
      ],
      "key": "T"
    }
  ],
  "templater-obsidian:jump-to-next-cursor-location": [],
  "templater-obsidian:insert-templater": [
    {
      "modifiers": [
        "Alt"
      ],
      "key": "E"
    }
  ],
  "templater-obsidian:replace-in-file-templater": [],
  "insert-template": [
    {
      "modifiers": [
        "Mod"
      ],
      "key": "T"
    }
  ],
  "workspace:new-tab": []
}